external_id,title,company,country,domain_tag,confidence,method,evidence
242184,AML KYC Analyst (H/F),ENGIE GLOBAL MARKETS,BELGIQUE,sales,0.25,rules,"[""sales"", ""business"", ""client""]"
237230,Consultant - Banking & Insurance (H/F),INTYS,BELGIQUE,data,0.25,rules,"[""data"", ""reporting""]"
237014,AI Solutions & Automation Specialist (H/F),BECK & POLLITZER FRANCE SAS,ROYAUME-UNI,sales,0.3,rules,"[""business"", ""client"", ""commercial""]"
242248,VIE - Certificate Portfolio Manager (H/F),ENGIE GLOBAL MARKETS,BELGIQUE,sales,0.3,rules,"[""sales"", ""business"", ""client""]"
240116,HR PROJECT LEADER & B-CORP LOCAL CHAMPION (H/F),M&L DISTRIBUTION (FRANCE) S.A.R.L.,BELGIQUE,hr,0.3077,rules,"[""recruitment"", ""hr"", ""onboarding""]"
237194,BUSINESS ANALYST/MOA (F/M) (H/F),AUDENSIEL NORD,BELGIQUE,data,0.3333,rules,"[""analyst""]"
238407,CRM B2B Lifecycle Manager - VIE - Barcelona (H/F),FLASH CONTRACT,ESPAGNE,marketing,0.3333,rules,"[""marketing"", ""content"", ""communication""]"
242474,Data Management & Analytical Method Lifecycle (H/F),BAXTER S.A.S,BELGIQUE,engineering,0.3333,rules,"[""software"", ""automation""]"
237103,PLANT BUYER / REPUBLIQUE TCHEQUE (H/F),"TREVES PRODUCTS, SERVICES & INNOVATION",TCHEQUIE / REPUBLIQUE TCHEQUE,supply,0.3333,rules,"[""supply"", ""buyer""]"
236437,Plant Energy Engineer (H/F),PLASTIC OMNIUM AUTO EXTERIEUR SERVICES,ETATS-UNIS,engineering,0.3333,rules,"[""engineer""]"
242133,Process Engineer (H/F),ADISSEO FRANCE S.A.S.,CHINE,engineering,0.3333,rules,"[""engineer""]"
242429,QA Validation (H/F),SERVIER INTERNATIONAL,IRLANDE,sales,0.3333,rules,"[""sales"", ""business""]"
242400,VIE - Supply Portfolio Manager B2B (H/F),ENGIE GLOBAL MARKETS,BELGIQUE,sales,0.3333,rules,"[""sales"", ""business"", ""commercial""]"
238450,Business Developer (H/F),MAURIC,EMIRATS ARABES UNIS,sales,0.375,rules,"[""business"", ""commercial""]"
242129,HRBP & Global Mobility Specialist (H/F),AIRBUS,JAPON,hr,0.375,rules,"[""talent"", ""hr"", ""onboarding""]"
238338,QA Analyst (H/F),ASF ACT DIGITAL,PORTUGAL,engineering,0.375,rules,"[""engineer"", ""software"", ""automation""]"
238241,VIE - HR Generalist (12 months) H/F (H/F),AMUNDI ASSET MANAGEMENT,LUXEMBOURG,hr,0.3846,rules,"[""recruitment"", ""talent"", ""hr"", ""onboarding""]"
242096,AI Americas - US HR Digital (H/F),AIRBUS,ETATS-UNIS,data,0.4,rules,"[""data"", ""bi"", ""tableau"", ""power bi"", ""reporting"", ""dashboard""]"
BF-242349,Artificial Intelligence Officer (H/F),LYNXEO FRANCE,ITALIE,data,0.4,rules,"[""python"", ""data""]"
235953,Consultant SEA/SMA (H/F),EFE INTERNATIONAL,ESPAGNE,marketing,0.4,rules,"[""marketing"", ""seo""]"
242461,GMA Contract manager (H/F),AVIONS TRANSPORT REGIONAL,ETATS-UNIS,legal,0.4,rules,"[""contract""]"
242093,HR Transversal Management (H/F),AIRBUS,CHINE,hr,0.4,rules,"[""hr""]"
232362,INGÉNIEUR(E) EMBARQUÉ LINUX (YOCTO) (H/F),WITEKIO HOLDING,ETATS-UNIS,engineering,0.4,rules,"[""ingenieur"", ""ingénieur""]"
238201,Java Developer (H/F),ALTEN,SUEDE,engineering,0.4,rules,"[""developer""]"
242449,Junior Buyer (H/F),PAYFIT,ESPAGNE,supply,0.4,rules,"[""buyer"", ""acheteur"", ""fournisseur""]"
242171,Mechanical Engineer (H/F),GROUPE ATLANTIC SYNERGY,ROUMANIE,engineering,0.4,rules,"[""engineer""]"
236230,NUCLEAR PROJECT ENGINEER (H/F),PRODUCT DEVELOPMENT EMPLOYENEURSHIP,BELGIQUE,engineering,0.4,rules,"[""engineer""]"
238010,Oracle HCM Developer (H/F),ASF ACT DIGITAL,PORTUGAL,engineering,0.4,rules,"[""developer""]"
230520,PRODUCT OWNER E-COMMERCE (H/F),HELLO POMELO,ESPAGNE,admin,0.4,rules,"[""office"", ""support""]"
242539,Sales Coordinator (H/F),NAOS,BELGIQUE,sales,0.4,rules,"[""sales""]"
237493,Technology training support (H/F),ENAEX EUROPE,CHILI,admin,0.4,rules,"[""support""]"
237501,Technology training support (H/F),ENAEX EUROPE,AUSTRALIE,admin,0.4,rules,"[""support""]"
237500,Technology training support (H/F),ENAEX EUROPE,BRESIL,admin,0.4,rules,"[""support""]"
242339,Test & Commissioning (H/F),ALSTOM TRANSPORT SA,ETATS-UNIS,operations,0.4,rules,"[""project"", ""manager""]"
236744,VIE - Quality Engineer - Zalaegerszeg (Hungary) (H/F),SCHNEIDER ELECTRIC INDUSTRIES SAS,HONGRIE,engineering,0.4,rules,"[""engineer""]"
242208,VIE JUNIOR SURVEYOR UNITED KINGDOM H/F (H/F),BOUYGUES TRAVAUX PUBLICS,ROYAUME-UNI,admin,0.4,rules,"[""office"", ""support""]"
242460,Airline Marketing Analyst (H/F),AIRBUS,JAPON,sales,0.4167,rules,"[""sales"", ""business"", ""client"", ""vente"", ""revenue""]"
242117,Acheteur(se) Programme (H/F),SAFRAN LANDING SYSTEMS,CANADA,supply,0.4286,rules,"[""transport"", ""acheteur""]"
237820,BUSINESS & TECHNOLOGY ENGINEER M/F (H/F),ALTA ARES,ALLEMAGNE,sales,0.4286,rules,"[""business"", ""commercial""]"
238307,BUSINESS MANAGER PAYS-BAS (H/F),ALDEBARAN GROUP,PAYS-BAS,sales,0.4286,rules,"[""business"", ""commercial""]"
242147,BUSINESS MANAGER PAYS-BAS (H/F),ALDEBARAN GROUP,PAYS-BAS,sales,0.4286,rules,"[""business"", ""commercial""]"
237974,Business Developer (H/F),NEXELEC,ALLEMAGNE,sales,0.4286,rules,"[""business"", ""commercial""]"
231967,COMPLIANCE ANALYST M/F (H/F),CLEEVEN ND,BELGIQUE,legal,0.4286,rules,"[""legal"", ""compliance""]"
242302,Finance Compliance (H/F),AIRBUS,PORTUGAL,legal,0.4286,rules,"[""legal"", ""compliance""]"
242264,HR Performance Consultant (H/F),AYMING,BELGIQUE,hr,0.4286,rules,"[""hr"", ""payroll""]"
237228,Industrial Injection Engineer (H/F),PLASTIC OMNIUM AUTO EXTERIEUR SERVICES,MAROC,engineering,0.4286,rules,"[""engineer"", ""automation""]"
227716,JUNIOR WAGON ENGINEER (H/F),TOUAX CORPORATE,ALLEMAGNE,operations,0.4286,rules,"[""operations"", ""process"", ""manager""]"
242523,Junior Portfolio Management Analyst (H/F),CA INDOSUEZ,ITALIE,data,0.4286,rules,"[""data"", ""analyst""]"
232703,MANUFACTURING ENGINEER (M/F) (H/F),MOTEURS LEROY SOMER,CHINE,engineering,0.4286,rules,"[""engineer"", ""automation""]"
235980,Railway & Energy Project Engineer (H/F),IKOS CONSULTING,BELGIQUE,engineering,0.4286,rules,"[""engineer"", ""software""]"
242141,Railway Engineer (H/F),IKOS CONSULTING,ETATS-UNIS,engineering,0.4286,rules,"[""engineer"", ""software""]"
242499,SALES & SPECIFICATION ENGINEER (H/F),SOCOMEC,DANEMARK,sales,0.4286,rules,"[""sales"", ""commercial""]"
238069,Structural Engineer / Structural Designer (H/F),EIFFAGE ENERGIE SYSTEMES - GESTION & DEVELOPPEMENT,ALLEMAGNE,engineering,0.4286,rules,"[""engineer"", ""software""]"
238101,Assistant commercial et marketing (H/F),P.G.A ELECTRONIC,ETATS-UNIS,sales,0.4444,rules,"[""business"", ""client"", ""commercial""]"
236852,BUSINESS ANALYST (H/F),TOTALENERGIES SE,BELGIQUE,sales,0.4444,rules,"[""sales"", ""business"", ""client""]"
238375,BUSINESS DEVELOPER EXPORT (H/F),RESONE,TOGO,sales,0.4444,rules,"[""business"", ""commercial"", ""vente""]"
238216,Business Developer / Technico-Commercial (H/F),TECHNICIS,INDE,sales,0.4444,rules,"[""business"", ""commercial""]"
237001,Développeur Python (H/F),EXTIA,PORTUGAL,engineering,0.4444,rules,"[""developpeur"", ""développeur""]"
237619,HR VIE (H/F),AMUNDI ASSET MANAGEMENT,HONG KONG,hr,0.4444,rules,"[""recruitment"", ""hr"", ""onboarding""]"
242195,Serial Buyer (H/F),OPMOBILITY GESTION,ETATS-UNIS,supply,0.4444,rules,"[""supply"", ""logistics"", ""buyer""]"
242531,V.I.E. Ingénieur(e) Commercial Junior (H/F),LINEDATA SERVICES LEASING & CREDIT,PORTUGAL,engineering,0.4444,rules,"[""ingenieur"", ""ingénieur""]"
242543,V.I.E. Trustee Administrator (H/F),SOCIETE GENERALE,IRLANDE,admin,0.4444,rules,"[""support"", ""administrator"", ""administration""]"
238421,VIE Ingénieur Laser et procédés (H/F),BLOOM LASERS,CANADA,engineering,0.4444,rules,"[""ingenieur"", ""ingénieur""]"
191960,FIELD SALES ENGINEER H/F (VIE NORDIC - STOCKHOLM) (H/F),SELTECH,SUEDE,sales,0.4545,rules,"[""sales"", ""business"", ""commercial"", ""revenue""]"
242535,Asia Staffing Lead (H/F),SYSTRA,MALAISIE,hr,0.5,rules,"[""recruitment"", ""talent"", ""hr"", ""onboarding""]"
238255,Associate Legal Advisor- VIE (H/F),CREDIT INDUSTRIEL ET COMMERCIAL,LUXEMBOURG,legal,0.5,rules,"[""legal"", ""juridique""]"
231968,BUSINESS ANALYST M/F (H/F),CLEEVEN ND,BELGIQUE,data,0.5,rules,"[""data"", ""analyst""]"
238328,BUSINESS DEVELOPER (H/F),FORTIL GROUP,BELGIQUE,sales,0.5,rules,"[""business"", ""commercial""]"
237413,BUSINESS DEVELOPER (H/F),MABOITEAMOUSTIQUE,ITALIE,sales,0.5,rules,"[""business"", ""commercial""]"
238314,BUSINESS DEVELOPER (H/F),TWYCE,CANADA,engineering,0.5,rules,"[""developer""]"
242069,Bid & Market Coordinator (H/F),ALTEN,BELGIQUE,sales,0.5,rules,"[""sales"", ""business""]"
242473,Business Analyst F/H (H/F),BRED BANQUE POPULAIRE,DJIBOUTI,data,0.5,rules,"[""analyst""]"
238197,Business Developer - VIE - Barcelone (H/F),FLASH CONTRACT,ESPAGNE,engineering,0.5,rules,"[""developer""]"
242020,COMMERCIAL(E) TERRAIN (H/F),MITSUBISHI PENCIL FRANCE SA,PAYS-BAS,sales,0.5,rules,"[""commercial"", ""vente""]"
231675,CONSULTANT INGENIEUR MECANIQUE H/F (H/F),EFE INTERNATIONAL,ESPAGNE,engineering,0.5,rules,"[""ingenieur"", ""ingénieur""]"
231676,CONSULTANT INGENIEUR PROCESS FABRICATION H/F (H/F),EFE INTERNATIONAL,ESPAGNE,engineering,0.5,rules,"[""ingenieur"", ""ingénieur""]"
238009,CONSULTANT – CLIMATE CHANGE MITIGATION – OIL & GAS SECTOR (H/F),EFE INTERNATIONAL,NORVEGE,data,0.5,rules,"[""data"", ""reporting""]"
236566,CONSULTANT(E) (M/F) (H/F),PLANISWARE,ETATS-UNIS,admin,0.5,rules,"[""office"", ""support""]"
236375,"CONSULTANT(E) (M/F) (H/F) - Philadelphia, PA",PLANISWARE,ETATS-UNIS,admin,0.5,rules,"[""office"", ""support""]"
236374,"CONSULTANT(E) (M/F) (H/F) - San Francisco, CA",PLANISWARE,ETATS-UNIS,admin,0.5,rules,"[""office"", ""support""]"
238376,CONSULTANT(E) MÉTIER FINANCE (H/F),BK CONSULTING FRANCE,BELGIQUE,finance,0.5,rules,"[""finance""]"
237232,CONTAINER PROCESS DEVELOPMENT ENGINEER (H/F),BAXTER S.A.S,BELGIQUE,engineering,0.5,rules,"[""engineer""]"
238274,"Commissioning, Qualification & Validation (CQV) Engineer | Life Sciences (H/F)",ALTRAN TECHNOLOGIES,BELGIQUE,engineering,0.5,rules,"[""engineer""]"
238337,Compliance Technician (H/F),CREDIT AGRICOLE ASSURANCES SOLUTIONS,PORTUGAL,legal,0.5,rules,"[""legal"", ""compliance"", ""law""]"
238415,Contract Management (m/f) (H/F),ALSTOM TRANSPORT SA,ALLEMAGNE,legal,0.5,rules,"[""legal"", ""compliance"", ""contract""]"
242519,D&IS Product Marketing (H/F),ALSTOM TRANSPORT SA,ALLEMAGNE,marketing,0.5,rules,"[""marketing"", ""communication""]"
238106,Data Integration Expert (VIE) - French market (F/H) (H/F),AGICAP,PORTUGAL,data,0.5,rules,"[""sql"", ""python"", ""data""]"
242110,FSSC Operational Excellence (H/F),ARKEMA FRANCE,MALAISIE,finance,0.5,rules,"[""audit"", ""finance""]"
242370,Field Service Business Operations & Digital Transformation Latin America (H/F),AIRBUS OPERATIONS,ETATS-UNIS,sales,0.5,rules,"[""business"", ""commercial""]"
242363,Field Service Business Operations & Digital Transformation North America (H/F),AIRBUS,ETATS-UNIS,sales,0.5,rules,"[""business"", ""commercial""]"
BF-242363,Field Service Business Operations & Digital Transformation North America (H/F),AIRBUS,ETATS-UNIS,sales,0.5,rules,"[""business"", ""commercial""]"
233038,INGENIEUR ELECTRIQUE H/F (H/F),EFE INTERNATIONAL,BELGIQUE,engineering,0.5,rules,"[""ingenieur"", ""ingénieur""]"
233037,INGENIEUR MECANIQUE H/F (H/F),EFE INTERNATIONAL,BELGIQUE,engineering,0.5,rules,"[""ingenieur"", ""ingénieur""]"
233036,INGENIEUR METHODES H/F (H/F),EFE INTERNATIONAL,BELGIQUE,engineering,0.5,rules,"[""ingenieur"", ""ingénieur""]"
228470,INGENIEUR TECHNICO COMMERCIAL DIGITAL (H/F),CITYPASSENGER,ITALIE,engineering,0.5,rules,"[""ingenieur"", ""ingénieur""]"
238310,INGÉNIEUR COORDINATION (H/F),S T I B,TUNISIE,engineering,0.5,rules,"[""ingenieur"", ""ingénieur""]"
238327,INGÉNIEUR PROCESS (H/F),FORTIL GROUP,BELGIQUE,engineering,0.5,rules,"[""ingenieur"", ""ingénieur""]"
242316,INGÉNIEUR TECHNICO-COMMERCIAL H/F) (H/F),FORTIL GROUP,BELGIQUE,engineering,0.5,rules,"[""ingenieur"", ""ingénieur""]"
242488,IT-support (1st level) (H/F),COLAS RAIL,SUISSE,admin,0.5,rules,"[""office"", ""support""]"
237909,Ingénieur(e) technico-commercial dans le traitement des eaux industrielles en itinérance (H/F),EFE INTERNATIONAL,CONGO,engineering,0.5,rules,"[""ingenieur"", ""ingénieur""]"
242109,International HR Project & Governance (H/F),AIRBUS HELICOPTERS,POLOGNE,hr,0.5,rules,"[""recruitment"", ""talent"", ""hr""]"
240135,Junior Developer – Electricity Markets (H/F),ACENSI SAS,BELGIQUE,engineering,0.5,rules,"[""developer"", ""software"", ""backend""]"
238361,Junior Technical Account Engineer (H/F),LUMAPPS,JAPON,sales,0.5,rules,"[""sales"", ""business"", ""client"", ""account""]"
237984,Junior/Mid Scrum Master (H/F),ASF ACT DIGITAL,PORTUGAL,admin,0.5,rules,"[""office"", ""support""]"
237987,Mid IT Business Analyst (H/F),ASF ACT DIGITAL,PORTUGAL,data,0.5,rules,"[""sql"", ""data"", ""analyst""]"
237992,Mid Java Developer (H/F),ASF ACT DIGITAL,PORTUGAL,engineering,0.5,rules,"[""developer"", ""software""]"
241000,Process Engineer (H/F),LESAFFRE INTERNATIONAL,MEXIQUE,engineering,0.5,rules,"[""engineer""]"
238140,Project Engineer Packaging (H/F),LESAFFRE INTERNATIONAL,ESPAGNE,engineering,0.5,rules,"[""engineer"", ""automation""]"
238419,"Project Management in Flight Hours Services Processes, Methods and Tools (H/F)",AIRBUS,MALAISIE,sales,0.5,rules,"[""business"", ""commercial""]"
242230,Purchasing Specialist (H/F),SAFRAN CABIN FRANCE,ETATS-UNIS,admin,0.5,rules,"[""support"", ""administratif""]"
236600,Quality Engineer – BPO (H/F),PLASTIC OMNIUM AUTO INERGY MANAGEMENT,POLOGNE,engineering,0.5,rules,"[""engineer""]"
238353,R&D Engineer - Lithography (H/F),PRODUCT DEVELOPMENT EMPLOYENEURSHIP,BELGIQUE,engineering,0.5,rules,"[""engineer""]"
237481,R&D Packaging Engineer (H/F),BAXTER S.A.S,BELGIQUE,engineering,0.5,rules,"[""engineer""]"
242246,Sales and Admissions officer (H/F),ALBERT GLOBAL DATA SCHOOL,ESPAGNE,sales,0.5,rules,"[""sales"", ""commercial""]"
238102,Sales engineer (H/F) - Parlant Chinois,HUTCHINSON,ITALIE,sales,0.5,rules,"[""sales"", ""business""]"
242132,Scrum Master (Systèmes Embarqués IoT) (H/F),ABYLSEN SIGMA,ESPAGNE,engineering,0.5,rules,"[""ingenieur"", ""ingénieur""]"
240124,Spécialiste CRM & Digital (H/F),NAOS,CANADA,marketing,0.5,rules,"[""marketing"", ""seo""]"
242452,Subcontract Lead for LNG Trains / Technical Building F/H (H/F),TECHNIP ENERGIES FRANCE,EMIRATS ARABES UNIS,admin,0.5,rules,"[""assistant"", ""support"", ""administration""]"
242107,Support applicatif Niveau 2 (H/F),HN SERVICES,PORTUGAL,admin,0.5,rules,"[""support""]"
242317,Systems Engineer (Aerospace / UAS) (H/F),PRODUCT DEVELOPMENT EMPLOYENEURSHIP,PORTUGAL,engineering,0.5,rules,"[""engineer"", ""software""]"
242256,User Acquisition Specialist (H/F),GAMELOFT SE,BULGARIE,hr,0.5,rules,"[""recruitment"", ""hr""]"
237043,V.I.E Main Automation Vendor Package Engineer - F/H (H/F),TECHNIP ENERGIES FRANCE,COREE DU SUD,engineering,0.5,rules,"[""engineer"", ""automation""]"
238049,"V.I.E. – Project Coordinator – Edmonton, CANADA- (H/F)",VINCI CONSTRUCTION SERVICES PARTAGES,CANADA,data,0.5,rules,"[""data"", ""reporting""]"
242155,VIE - Quality Assurance Engineer - Horgen (Switzerland) (H/F),SCHNEIDER ELECTRIC INDUSTRIES SAS,SUISSE,engineering,0.5,rules,"[""engineer""]"
242158,VIE – Finance Transformation Administrator - Barcelona (H/F),SCHNEIDER ELECTRIC INDUSTRIES SAS,ESPAGNE,admin,0.5,rules,"[""support"", ""administrator""]"
242095,VIE – Sourcing Digitalization Analyst (H/F),FAIVELEY TRANSPORT,ITALIE,data,0.5,rules,"[""data"", ""analyst""]"
236438,VMS Tool Officer (H/F),INNOHA,ESPAGNE,hr,0.5,rules,"[""recrutement"", ""talent""]"
